avg_f1,avg_semantic_similarity,avg_rouge_l_f1,AUPR,precision_at_80%,SQuAD_EM,SQuAD_F1,avg_eval_time_sec,model
0.009303074386670222,0.04537205012189224,0.010210447431812856,0.0,0.0,6.0,1.3720185936012388,6.262779235839844e-06,Jasu_bert-finetuned-squad-legalbert
0.005636756525667554,0.04028474898822606,0.006470020798451656,0.0,0.0,15.35,0.8089643863557673,5.7016611099243165e-06,nlpaueb_legal-bert-base-uncased
0.012532641965298496,0.05320472125103697,0.013464762068582036,0.0,0.0,8.7,1.6863478523837607,6.448268890380859e-06,atharvamundada99_bert-large-question-answering-finetuned-legal
0.0021599322684603384,0.026464594823541118,0.002523580002769309,0.0,0.0,13.15,0.2875136362852104,5.390644073486328e-06,facebook_bart-base
