Model,Semantic Similarity,BERT Score,ROUGE-L F1,Evaluation Time (sec)
Mistral,0.5423360238559544,0.635531015753746,0.47552543838159717,1.6343702850341797
Legal LLaMA,0.5481264331527055,0.6294131709337234,0.487088279779356,9.975482402801514
