Model,Semantic Similarity,BERT Score,ROUGE-L F1,Evaluation Time (sec)
Mistral,0.2550309431552887,0.3548153793811798,0.1866826387502665,1.9110207891464233
Legal LLaMA,0.27955478072166445,0.35510421872138975,0.2213650403619927,9.716165661811829
Falcon,0.26345957882702353,0.34520982146263124,0.1898408626038636,26.02366054534912
